"","name","bud","donor","profit","grant1","sofin1"
"56","Автономная некоммерческая организация """"""""Центр по развитию технологий будущего""""""""",32847,127305,5322,9848000,1600000
"90","Автономная некоммерческая организация """"""""Фотоэкспедиция в дикую природу""""""""",5153,0,580,5153438,15742732
"380","Автономная Некоммерческая Организация """"""""Центр живой природы""""""""",5594669,286,149,5594609,1819546
"417","Автономная некоммерческая организация """"""""Редакция газеты """"""""Литературная Россия""""""""",0,3095,1279,3112728,844750
"583","Фонд развития общественного мониторинга и защиты прав потребителей финансовых услуг """"""""За права заёмщиков""""""""",0,18828,107,4010862.4,470000
"584","Фонд развития общественного мониторинга и защиты прав потребителей финансовых услуг """"""""За права заёмщиков""""""""",0,5050,0,4010862.4,470000
"585","Фонд развития общественного мониторинга и защиты прав потребителей финансовых услуг """"""""За права заёмщиков""""""""",0,19960,0,4010862.4,470000
"589","Фонд поддержки национальной премии """"""""Гражданская инициатива""""""""",0,6679,27859,4986648,21369925
"603","Межрегиональный Фонд """"""""Центр реабилитации """"""""Дом надежды на Горе""""""""",8435,6278,0,7215526,2660380
"608","Фонд """"""""Содействие устойчивому развитию территорий и местных сообществ""""""""",4382,3,531,4514406,650462
"650","Благотворительный фонд помощи хосписам """"""""ВЕРА""""""""",2726,345597,12844,5690480,2845920
"651","Благотворительный фонд помощи хосписам """"""""ВЕРА""""""""",2726,345597,12844,6292665.6,2696856.7
"673","Благотворительный фонд """"""""Надежная смена""""""""",6012,16471,46639,6011856,1852480
"687","Некоммерческий фонд """"""""Центр лечения и реабилитации больных детским церебральным параличом""""""""",0,15329,0,9990000,19324653.6
"688","Некоммерческий фонд """"""""Центр лечения и реабилитации больных детским церебральным параличом""""""""",0,15329,0,9990000,19324653.6
"729","Фонд поддержки гуманитарных наук """"""""Моя история""""""""",55643,477869,0,8292822,2059672.5
"750","Специализированный фонд управления целевым капиталом для развития Казанского национального исследовательского технического университета им. А.Н. Туполева-КАИ",9219,4487,0,8900400,87775830
"873","Всемирный фонд природы",19050,173444,7020,4422438,2646706
"874","Всемирный фонд природы",19050,173444,7020,14990870,6406160
"1007","Общероссийская молодежная общественная организация """"""""МИР"""""""" (""""""""Молодежь-Инициатива-Развитие"""""""")",5711,2448,887,3626424.3,792161.4
"1008","Общероссийская молодежная общественная организация """"""""МИР"""""""" (""""""""Молодежь-Инициатива-Развитие"""""""")",5711,2448,887,4642924.3,717326
"1024","Общероссийская общественная организация """"""""Российское общество историков-архивистов""""""""",3781,1408,4492,5538675,215650
"1031","Санкт-Петербургская благотворительная общественная организация """"""""Перспективы""""""""",5769,18533,521,3549481.4,4518280.8
"1479","Автономная некоммерческая организация дополнительного образования """"""""Центр народного просвещения""""""""",999,999,999,5824147,1640000
"1597","Автономная некоммерческая организация высшего образования """"""""Российский новый университет""""""""",999,999,999,6400619.3,1200872.8
"1598","Автономная некоммерческая организация высшего образования """"""""Российский новый университет""""""""",999,999,999,6400619.3,1200872.8
"1599","Автономная некоммерческая организация высшего образования """"""""Российский новый университет""""""""",999,999,999,6400619.3,1200872.8
"1600","Автономная некоммерческая организация высшего образования """"""""Российский новый университет""""""""",999,999,999,6400619.3,1200872.8
"1610","Автономная некоммерческая организация """"""""Центр проблем аутизма: образование, исследования, помощь, защита прав""""""""",999,999,999,12148740,9714000
"1611","Автономная некоммерческая организация """"""""Центр проблем аутизма: образование, исследования, помощь, защита прав""""""""",999,999,999,12148740,9714000
"1612","Автономная некоммерческая организация """"""""Центр проблем аутизма: образование, исследования, помощь, защита прав""""""""",999,999,999,12148740,9714000
"1613","Автономная некоммерческая организация """"""""Центр проблем аутизма: образование, исследования, помощь, защита прав""""""""",999,999,999,12148740,9714000
"1616","Автономная некоммерческая организация """"""""Центр проблем аутизма: образование, исследования, помощь, защита прав""""""""",999,999,999,12148740,9714000
"1720","Автономная некоммерческая организация """"""""Институт информационных технологий в образовании""""""""",999,999,999,13726475,2060725
"1933","Автономная некоммерческая организация """"""""Творческий центр реализации культурных проектов""""""""",999,999,999,8615148.1,11335000
"1962","Автономная некоммерческая организация поддержки и развития инициатив молодых ученых и педагогов """"""""Молодежные научно-образовательные инициативы""""""""",999,999,999,3736725,683050
"1973","Автономная некоммерческая организация """"""""Институт миграции и межнациональных отношений""""""""",999,999,999,3915800,1220400
"2176","Автономная некоммерческая организация по развитию исследований и проектов в области культуры и искусства """"""""Новый институт культурологии""""""""",999,999,999,7347618,2536800
"2300","Автономная некоммерческая организация """"""""Региональный центр поддержки общественных инициатив """"""""Дети Байкала""""""""",999,999,999,3875188,1672080
"2367","Автономная некоммерческая организация дополнительного профессионального образования и консалтинга """"""""Развитие""""""""",999,999,999,7015587,2984500
"2460","Автономная некоммерческая организация """"""""Центр социокультурной анимации """"""""Одухотворение""""""""",999,999,999,5910500,9203300
"2461","Автономная некоммерческая организация """"""""Центр социокультурной анимации """"""""Одухотворение""""""""",999,999,999,9235080,9532900
"2529","Автономная некоммерческая организация """"""""Лаборатория социальной рекламы""""""""",3321919,0,12361,3321919,3322112
"2544","Автономная некоммерческая организация Центр гражданских инициатив """"""""Право на жизнь""""""""",6681,267,110,4843550,4699950
"2569","Автономная некоммерческая организация Информационный центр  радиовещения, искусства и культуры """"""""Вера, надежда, любовь""""""""",999,999,999,8356710,5666670
"2603","Автономная некоммерческая организация """"""""Агентство социальной информации""""""""",999,999,999,19943620,8089520
"2605","Автономная некоммерческая организация """"""""Центр междисциплинарных исследований в современном искусстве""""""""",999,999,999,6724289,4647300
"2674","Автономная некоммерческая организация """"""""Культурно-просветительский """"""""Фестивальный центр""""""""",2882,50,5073,3290979,2019948
"2693","Автономная некоммерческая организация """"""""Межрегиональный Центр общественных инициатив """"""""Северный Кавказ""""""""",999,999,999,4978832,4691000
"2695","Автономная некоммерческая организация """"""""Межрегиональный Центр общественных инициатив """"""""Северный Кавказ""""""""",999,999,999,4978832,4691000
"2716","Автономная некоммерческая организация """"""""Центр студенческих программ Российского Союза Молодежи""""""""",999,999,999,7475224.8,4187640
"2717","Автономная некоммерческая организация """"""""Центр студенческих программ Российского Союза Молодежи""""""""",999,999,999,16384582,29761530
"2719","Автономная некоммерческая организация """"""""Центр студенческих программ Российского Союза Молодежи""""""""",999,999,999,7475224.8,4187640
"2720","Автономная некоммерческая организация """"""""Центр студенческих программ Российского Союза Молодежи""""""""",999,999,999,16384582,29761530
"2732","Образовательная автономная некоммерческая организация высшего образования """"""""Московская высшая школа социальных и экономических наук""""""""",999,999,999,6981844,0
"2814","Автономная некоммерческая образовательная организация высшего образования """"""""Европейский университет в Санкт-Петербурге""""""""",999,999,999,3902805.7,985098.9
"2893","Автономная некоммерческая организация """"""""Культурно-просветительский центр """"""""Люди""""""""",999,999,999,4744710,1185000
"2904","Автономная некоммерческая организация дополнительного профессионального образования «Институт социальных услуг и инноваций «ВЕКТОР»",999,999,999,6980640,2371340
"2936","Автономная некоммерческая организация дополнительного профессионального образования «Эколого-просветительский центр «Заповедники»",999,999,999,9717509.4,3626640.2
"3074","Автономная некоммерческая организация """"""""Фестиваль """"""""Золотая маска""""""""",999,999,999,5e+07,167576512.3
"3083","Автономная некоммерческая организация """"""""Центр развития социальных технологий""""""""",999,999,999,9608012.8,2692800
"3114","Автономная некоммерческая организация дополнительного профессионального образования """"""""Институт развития семейного устройства""""""""",999,999,999,3357892,8e+05
"3401","Автономная некоммерческая организация """"""""Центр развития социальных инноваций """"""""Технологии возможностей""""""""",999,999,999,8498680,9030186
"3419","Автономная некоммерческая организация """"""""Центр социально-трудовых прав""""""""",999,999,999,4991344,1679457
"3647","Автономная некоммерческая организация дополнительного профессионального образования """"""""Санкт-Петербургский институт раннего вмешательства""""""""",999,999,999,4379980,439330
"3658","Автономная некоммерческая организация """"""""Центр психологической помощи и психологической посткризисной реабилитации""""""""",999,999,999,3018808,604240
"3788","Автономная некоммерческая организация дополнительного профессионального образования """"""""Институт этнокультурного образования""""""""",999,999,999,4200000,3414667
"3981","Автономная некоммерческая организация """"""""Образовательная организация высшего образования """"""""Институт театрального искусства""""""""",999,999,999,6605018.8,1806913
"4091","Автономная некоммерческая организация содействия развитию общественных инициатив в социальной сфере """"""""Новые технологии развития""""""""",5662,25586,424,6353063,1069621
"4118","Автономная некоммерческая орагнизация """""""" Центр православных молодежных программ во имя святого Георгия Победоносца""""""""",999,999,999,6456600,2127500
"4408","Автономная некоммерческая организация социальной помощи """"""""Неугасимая Надежда""""""""",999,999,999,3493239.4,2624447.8
"4424","Автономная некоммерческая организация по развитию социальной активности и социальных коммуникаций """"""""Агентство социальных технологий и коммуникаций""""""""",999,999,999,5382720,3146150
"4425","Автономная некоммерческая организация по развитию социальной активности и социальных коммуникаций """"""""Агентство социальных технологий и коммуникаций""""""""",999,999,999,6580000,6283060
"4501","Автономная некоммерческая организация """"""""Агентство по связям с общественностью Республики Бурятия. г. Улан-Удэ""""""""",999,999,999,3380180,1553520
"4518","Автономная некоммерческая организация """"""""Спортивный клуб """"""""КПРФ""""""""",999,999,999,15330000,3458840
"4612","Автономная некоммерческая организация Развитие и становление информационной культуры """"""""Информационная культура""""""""",999,999,999,8138500,1328000
"4620","Автономная некоммерческая организация """"""""ЦЕНТР ДОПОЛНИТЕЛЬНОГО ПРОФЕССИОНАЛЬНОГО ОБРАЗОВАНИЯ - """"""""АЛЬФА-ДИАЛОГ""""""""",999,999,999,3383670,25000
"4627","Автономная некоммерческая организация Развитие и становление информационной культуры """"""""Информационная культура""""""""",999,999,999,8138500,1328000
"4633","Автономная некоммерческая организация """"""""Центр социальной помощи и адаптации для людей с диагнозом ДЦП и другими ограниченными возможностями здоровья""""""""Лыжи мечты"""""""" Сергея Белоголовцева",999,999,999,12990708.4,7466779
"4641","Автономная некоммерческая организация """"""""Центр развития социально-культурных инициатив и благотворительности """"""""Благосфера""""""""",999,999,999,11850336,8061712
"4707","Автономная некоммерческая организация Центр поддержки гражданских инициатив """"""""Конвентум""""""""",999,999,999,5696992,2016819
"4752","Автономная некоммерческая организация """"""""Центр решения социальных проблем и развития гражданского общества, благотворительности и добровольчества """"""""Актив будущего""""""""",999,999,999,7235308,2131697
"4772","Автономная некоммерческая организация """"""""Молодежный """"""""Экспериментальный Шекспировский Театр""""""""",999,999,999,5800000,3400000
"4839","Автономная некоммерческая организация дополнительного профессионального образования """"""""Центр психологического сопровождения образования """"""""ТОЧКА ПСИ""""""""",999,999,999,3499517.3,0
"4920","Автономная некоммерческая организация """"""""Центр развития и поддержки социально ориентированных некоммерческих организаций """"""""Девелопмент-групп""""""""",999,999,999,8630650.8,5181291.5
"5056","Автономная некоммерческая организация """"""""Лига школьного и дворового спорта""""""""",73735,32456,0,11485000,97517760
"5314","Автономная некоммерческая организация высшего профессионального образования """"""""Институт независимых исследований в области образования""""""""",999,999,999,7934087,0
"5642","Автономная некоммерческая Организация """"""""Издательство """"""""Политическая энциклопедия""""""""",999,999,999,19986960,0
"6616","Фонд """"""""Поддержки инициатив в области семьи и детства """"""""Национальный детский фонд""""""""",999,999,999,3502465,1501985
"6711","УНИТАРНАЯ НЕКОММЕРЧЕСКАЯ ОРГАНИЗАЦИЯ """"""""ФОНД ПОДДЕРЖКИ ДУХОВНО-ПРОСВЕТИТЕЛЬСКИХ И ОБРАЗОВАТЕЛЬНЫХ ПРОГРАММ АРХИСТРАТИГА БОЖИЯ МИХАИЛА""""""""",999,999,999,7442240,0
"6712","УНИТАРНАЯ НЕКОММЕРЧЕСКАЯ ОРГАНИЗАЦИЯ """"""""ФОНД ПОДДЕРЖКИ ДУХОВНО-ПРОСВЕТИТЕЛЬСКИХ И ОБРАЗОВАТЕЛЬНЫХ ПРОГРАММ АРХИСТРАТИГА БОЖИЯ МИХАИЛА""""""""",999,999,999,7442240,0
"6719","УНИТАРНАЯ НЕКОММЕРЧЕСКАЯ ОРГАНИЗАЦИЯ """"""""ФОНД ПОДДЕРЖКИ ДУХОВНО-ПРОСВЕТИТЕЛЬСКИХ И ОБРАЗОВАТЕЛЬНЫХ ПРОГРАММ АРХИСТРАТИГА БОЖИЯ МИХАИЛА""""""""",999,999,999,7442240,0
"6720","УНИТАРНАЯ НЕКОММЕРЧЕСКАЯ ОРГАНИЗАЦИЯ """"""""ФОНД ПОДДЕРЖКИ ДУХОВНО-ПРОСВЕТИТЕЛЬСКИХ И ОБРАЗОВАТЕЛЬНЫХ ПРОГРАММ АРХИСТРАТИГА БОЖИЯ МИХАИЛА""""""""",999,999,999,7442240,0
"6726","Благотворительный фонд развития студенческого театра МГУ",999,999,999,4261657,0
"6876","Фонд поддержки лиц с нарушением развития и интеллекта """"""""Лучшие друзья""""""""",999,999,999,5598638.7,3522371.2
"6908","Благотворительный фонд развития филантропии «КАФ»",999,999,999,3549647.6,1578547.1
"6909","Благотворительный фонд развития филантропии «КАФ»",999,999,999,4533866.2,1792095.1
"6949","Фонд поддержки и развития культуры и спорта """"""""Новые лица""""""""",999,999,999,6243500,5267600
"6950","Фонд поддержки и развития культуры и спорта """"""""Новые лица""""""""",999,999,999,6243500,5267600
"6967","Благотворительный детский фонд """"""""Виктория""""""""",999,999,999,4947430,1141500
"7061","Фонд поддержки кино, радио, телевидения, мультимедиа и анимация Николая Расторгуева",999,999,999,9712412,5676312
"7070","Фонд социально-культурного развития и инноваций «Культура наций»",9462,0,46,9521266,6767840
"7091","Фонд развития творчества """"""""Жизнь и Дело""""""""",999,999,999,3121755.2,1875699.6
"7196","Благотворительный фонд помощи людям с Боковым Амиотрофическим Склерозом и другими нейромышечными заболеваниями """"""""Живи сейчас""""""""",999,999,999,6369056.5,4324731
"7219","Фонд - собственник целевого капитала """"""""Фонд поддержки талантливой молодежи """"""""Будущие лидеры""""""""",999,999,999,8933100,1489622
"7242","Фонд возрождения национального культурного наследия """"""""Формула успеха"""""""" имени В.М. Шукшина",999,999,999,6676826,3121800
"7268","Городской благотворительный фонд """"""""Фонд Тольятти""""""""",999,999,999,6857480,549038
"7271","Фонд организации экспедиций """"""""Сибирский экспедиционный центр""""""""",999,999,999,5110092.5,4936790
"7287","Некоммерческая организация """"""""Благотворительный Фонд """"""""АдВИТА""""""""",0,203971,0,5572108,680940
"7397","Некоммерческая организация """"""""ФОНД РАЗВИТИЯ КУЛЬТУРЫ И КИНЕМАТОГРАФИИ """"""""СТРАНА""""""""",999,999,999,5876000,25702800
"7432","Благотворительный фонд социальной поддержки и защиты граждан """"""""Дорога в жизнь""""""""",999,999,999,3482040,5618150
"7452","Благотворительный фонд «СОЗВЕЗДИЕ СЕРДЕЦ»",999,999,999,8055583,5785360
"7472","Благотворительный фонд """"""""Добрый город Петербург""""""""",999,999,999,8999549,5243989
"7480","Некоммерческий фонд """"""""Национальный фонд развития здравоохранения""""""""",999,999,999,5673185,1086970
"7483","Некоммерческий фонд """"""""Национальный фонд развития здравоохранения""""""""",999,999,999,5673185,1086970
"7485","Некоммерческий фонд """"""""Национальный фонд развития здравоохранения""""""""",999,999,999,5673185,1086970
"7513","Благотворительный фонд поддержки семьи, защиты детства, материнства и отцовства """"""""ОМК - Участие""""""""",999,999,999,5628075.5,1640829
"7521","Благотворительный фонд содействия образованию детей - сирот """"""""Большая Перемена""""""""",999,999,999,4237118,2469470
"7645","Благотворительный фонд «Спина бифида»",999,999,999,4007554.8,4024840
"7679","Фонд поддержки и развития еврейской культуры, традиций, образования и науки",999,999,999,3997069,394000
"7684","Фонд """"""""Фонд развития современного искусства""""""""",999,999,999,4200000,1924024
"7802","Благотворительный Фонд поддержки людей с синдромом Дауна """"""""Синдром любви""""""""",999,999,999,3121057.2,567876
"7840","Некоммерческая организация """"""""Иркутский Молодёжный Фонд правозащитников """"""""Ювента""""""""",999,999,999,3385328,1174570
"7863","Благотворительный фонд помощи тяжело больным детям, сиротам и инвалидам """"""""РУСФОНД""""""""",999,999,999,7003611,8.4e+07
"7879","Благотворительный фонд развития паллиативной помощи """"""""Детский паллиатив""""""""",999,999,999,5235653.1,2831628.4
"7880","Благотворительный фонд развития паллиативной помощи """"""""Детский паллиатив""""""""",999,999,999,3724836.8,2415661.3
"7893","Фонд """"""""Академия Российского телевидения""""""""",999,999,999,3633971,3330334
"7917","Фонд поддержки социальных инноваций """"""""Вольное Дело""""""""",999,999,999,4436327,1947475
"7940","Некоммерческая организация """"""""Благотворительный ФОНД """"""""Даунсайд Ап""""""""",999,999,999,5305501.4,314565
"7941","Некоммерческая организация """"""""Благотворительный ФОНД """"""""Даунсайд Ап""""""""",999,999,999,4059952.5,510600
"7947","Благотворительный фонд Елены Исинбаевой",999,999,999,4988610,1322280
"7948","Благотворительный фонд Елены Исинбаевой",999,999,999,4613780,10000
"7973","Молодежный Благотворительный Фонд """"""""Возрождение Земли Сибирской""""""""",999,999,999,3382130,1333431
"8112","Фонд правовой поддержки миграционных процессов",999,999,999,3597248,3855360
"8127","Фонд содействия продвижению русского языка и образования на русском",999,999,999,4915442,859280
"8137","Некоммерческая организация Благотворительный фонд наследия Менделеева",999,999,999,9280560,30427080
"8186","Фонд святых равноапостольных Константина и Елены",999,999,999,4900000,2348490
"8205","Благотворительный фонд «Фонд поддержки слепоглухих «Со-единение»",999,999,999,9135715,3900000
"8385","Благотворительный фонд помощи детям с тяжелыми заболеваниями и их семьям """"""""КОРАБЛИК""""""""",999,999,999,6505216,5337528
"8393","Благотворительный фонд помощи лицам, страдающим сердечно-сосудистыми заболеваниями, и содействия профилактике сердечно-сосудистых заболеваний среди населения """"""""Мир Сердца""""""""",999,999,999,9665490,0
"8461","Благотворительный Фонд """"""""Апостолов Петра и Павла""""""""",999,999,999,4158167,4e+05
"8478","Благотворительный фонд """"""""Культурные сезоны""""""""",999,999,999,4760250,5166430
"8479","Благотворительный фонд """"""""Культурные сезоны""""""""",999,999,999,29947152,35285835
"8519","Национальный благотворительный Фонд поддержки работ по адаптации городской среды для маломобильных групп населения """"""""Город без барьеров""""""""",999,999,999,4436885,4117785
"8552","Международный благотворительный фонд имени Д.С. Лихачева",999,999,999,4975280,1205000
"8627","Благотворительный фонд """"""""Центр святителя Василия Великого""""""""",999,999,999,5300000,3570400
"8719","Благотворительный фонд помощи детям, страдающим заболеванием буллезный эпидермолиз """"""""БЭЛА. Дети-бабочки""""""""",999,999,999,6481752,695076
"8720","Благотворительный фонд помощи детям, страдающим заболеванием буллезный эпидермолиз """"""""БЭЛА. Дети-бабочки""""""""",999,999,999,4060826.9,710936.2
"8771","Благотворительный фонд содействия межцерковной христианской диаконии",999,999,999,3633138,2466972
"8772","Благотворительный фонд содействия межцерковной христианской диаконии",999,999,999,3633138,2466972
"8847","Благотворительный фонд поддержки музыкального искусства """"""""Фонд Елены Образцовой""""""""",999,999,999,4718424,3550000
"8848","Благотворительный фонд поддержки музыкального искусства """"""""Фонд Елены Образцовой""""""""",999,999,999,8291440,6600000
"8856","Фонд содействия развитию культурно-просветительской деятельности """"""""Фома Центр""""""""",999,999,999,6079307.6,1320000
"8859","Благотворительный Фонд развития сообщества """"""""Гарант""""""""",999,999,999,7899227,3457228
"8886","Благотворительный фонд профилактики социального сиротства",999,999,999,6262918.8,4572995.3
"8887","Благотворительный фонд профилактики социального сиротства",999,999,999,4070399,3074340
"8922","Фонд поддержки семей погибших и пострадавших в вооруженных конфликтах и уволенных в запас военнослужащих """"""""Памяти 6-ой роты""""""""",999,999,999,3794538,592700
"9020","Национальный благотворительный фонд развития детского регби",999,999,999,5371840,22741683.7
"9047","Благотворительный фонд «69 параллель»",999,999,999,3169773.4,3218520
"9150","Некоммерческая организация """"""""Международный благотворительный фонд """"""""Кронштадтский Морской собор во имя Святителя Николая Чудотворца""""""""",999,999,999,4723188.8,623590
"9231","Фонд социально-культурных программ """"""""Губерния""""""""",999,999,999,6777000,5749000
"9285","Межрегиональный фонд поддержки молодежных инициатив """"""""Татьянин день - Приморья""""""""",999,999,999,6024500,3976229
"9424","Благотворительный фонд святого праведного Иоанна Кронштадтского",10601,51,0,6193900,2247915
"9425","Благотворительный фонд святого праведного Иоанна Кронштадтского",10601,51,0,3990120,1024009.9
"9468","Благотворительный фонд """"""""Дорога к дому""""""""",999,999,999,7404514,5322898.4
"9469","Благотворительный фонд """"""""Дорога к дому""""""""",999,999,999,6566317.8,2827218.4
"9675","Благотворительный фонд содействия реализации программ Лиги здоровья нации",999,999,999,4318940,0
"9860","Благотворительный фонд """"""""Оберег""""""""",999,999,999,4935544,1400000
"10083","Благотворительный фонд """"""""Оберег""""""""",999,999,999,4935544,1400000
"10378","Благотворительный фонд """"""""Оберег""""""""",999,999,999,4935544,1400000
"10581","Общероссийская молодежная общественная организация """"""""Российский союз сельской молодежи""""""""",999,999,999,7500000,6050000
"10592","Межрегиональная общественная организация инвалидов - общество социальной поддержки слепоглухих """"""""Эльвира""""""""",999,999,999,3881139,2060400
"10655","Межрегиональная общественная организация «Детское медийное объединение «Бумеранг»",999,999,999,4100000,1200000
"10658","Общероссийская общественная организация """"""""Российкая ассоциация защиты религиозной свободы"""""""" (РАРС)",999,999,999,8192000,245000
"10666","Региональный общественный гуманитарный фонд содействия изучению жизни и творчества Ф.М.Достоевского",999,999,999,8233115,0
"10702","Межрегиональная общественная организация """"""""Российское молодежное политехническое общество""""""""",999,999,999,6520964.4,3e+05
"10711","Всероссийская общественная организация ветеранов """"""""БОЕВОЕ БРАТСТВО""""""""",151256,135704,11892,19960960,14285880
"10712","Всероссийская общественная организация ветеранов """"""""БОЕВОЕ БРАТСТВО""""""""",151256,135704,11892,11010764,7799326
"10715","Красноярская региональная общественная организация содействия предоставлению медицинской помощи людям с ограниченными физическими возможностями """"""""Подари улыбку""""""""",4783,773,0,3529782,895500
"10754","Межрегиональная молодежная общественная организация """"""""Инклюзивный Ресурсный центр""""""""",999,999,999,4475088,1246800
"10755","Межрегиональная молодежная общественная организация """"""""Инклюзивный Ресурсный центр""""""""",999,999,999,5491904,1039440
"10772","Межрегиональная молодежная общественная организация """"""""Содружество""""""""",999,999,999,3750230,4516900
"10790","Общественная организация - Всероссийское общество изобретателей и рационализаторов",999,999,999,9423200,8351420
"10791","Региональная общественная организация """"""""Нижегородский центр поддержки и развития музеев""""""""",999,999,999,5826920,1132000
"10816","Региональная общественная организация поддержки социальной деятельности Русской Православной Церкви """"""""Милосердие""""""""",999,999,999,4097926,2363910
"10936","Общероссийская общественная организация """"""""Зеленый патруль""""""""",999,999,999,6980996,1642000
"10970","Межрегиональная общественная организация """"""""Межрегиональная Тьюторская Ассоциация""""""""",999,999,999,5343238,1041760
"10979","Региональная общественная организация инвалидов """"""""Творческое партнерство""""""""",999,999,999,3273550,880000
"11022","Общероссийская общественная организация """"""""Зеленый патруль""""""""",999,999,999,6980996,1642000
"11056","Межрегиональная общественная организация """"""""Межрегиональная Тьюторская Ассоциация""""""""",999,999,999,5343238,1041760
"11065","Региональная общественная организация инвалидов """"""""Творческое партнерство""""""""",999,999,999,3273550,880000
"27","Автономная некоммерческая организация дополнительного профессионального образования и консалтинга """"""""Развитие""""""""",12052,49,0,9682720,4457500
"561","Автономная некоммерческая организация """"""""Центр внешнеполитического сотрудничества имени Е.М. Примакова""""""""",0,9486,0,4918620,3163000
"199","Автономная некоммерческая организация дополнительного образования и социального обслуживания """"""""Новые перспективы""""""""",8490,9141,108,9519309,6331235.6
"207","Автономная некоммерческая орагнизация содействия развитию театральных проектов неслышащих актеров """"""""НЕДОСЛОВ""""""""",123,7412,1864,5258736,1025000
"394","Автономная некоммерческая организация """"""""Центр поддержки и развития современного искусства """"""""ЗА АРТ""""""""",0,19154,38092,4947348,1881329
"461","Автономная некоммерческая организация """"""""Консультационно-исследовательский центр управленческих технологий """"""""ЦСА""""""""",1682,3450,0,9945630,2080000
"791","Автономная некоммерческая организация """"""""РОСТ - развитие, образование, социализация и трудоустройство для воспитанников и выпускников детских домов и интернатов и детей, оставшихся без попечения родителей""""""""",4466,4828,0,3812790,3815517
"806","Автономная некоммерческая организация """"""""Образовательная организация высшего образования """"""""Институт театрального искусства""""""""",7777,0,73443,7885592.8,2050347.7
"909","Автономная некоммерческая организация """"""""Межрегиональная школьная баскетбольная лига""""""""",6000,0,64526,7019200,49083659
"1087","Автономная некоммерческая орагнизация """""""" Центр православных молодежных программ во имя святого Георгия Победоносца""""""""",1262,6644,0,5893310,527000
"1105","Автономная некоммерческая организация дополнительного профессионального образования """"""""Институт развития семейного устройства""""""""",4140,5766,197,4082254,8e+05
"1187","Автономная некоммерческая организация """"""""Центр социально-трудовых прав""""""""",0,6136,148,6157600,310000
"1243","Автономная некоммерческая организация помощи детям """"""""Звездный дождь""""""""",5351,1105,2161,4599890.8,1343448
"1251","Автономная некоммерческая дошкольная образовательная организация """"""""Центр инклюзивного образования и социальной адаптации """"""""Счастье""""""""",6126,0,1004,4125240.9,6085429
"1256","Автономная некоммерческая организация «Центр социальной поддержки «Инклюзивная молекула»",203,5831,13560,4183641.3,879800
"1279","Автономная некоммерческая организация помощи детям """"""""Звездный дождь""""""""",5351,1115,2161,4599890.8,1343448
"1487","Автономная некоммерческая организация поддержки и развития инициатив молодых ученых и педагогов """"""""Молодежные научно-образовательные инициативы""""""""",0,5840,0,5989073,2044670
"1680","Автономная некоммерческая организация """"""""Центр помощи семьям детей с ограниченными возможностями здоровья """"""""СОДЕЙСТВИЕ""""""""",2436403,0,0,3254746.3,561769.6
"1733","Автономная некоммерческая организация """"""""Центр развития социальных инноваций """"""""Технологии возможностей""""""""",7407,7053,48026,4900420.7,6651899.2
"1789","Автономная некоммерческая организация социальных услуг """"""""Родительский центр """"""""Подсолнух""""""""",0,4209,310,4e+06,1530000
"1889","Автономная некоммерческая организация """"""""Театральная студия """"""""Мастерская Брусникина""""""""",500,23567,81707,5366188,4003500
"1920","Автономная некоммерческая организация Центр социального обслуживания населения """"""""Забота""""""""",7831,0,0,3201563,2057228
"1947","Благотворительный детский фонд """"""""Виктория""""""""",8471,47465,3709,4574160,1730664
"1965","Благотворительный фонд помощи детям, оставшимся без попечения родителей в областных и сельских домах ребенка """"""""Дорога жизни""""""""",5533,36631,0,3761492,1853000
"1971","Благотворительный фонд святого праведного Иоанна Кронштадтского",10216,97,0,7054730,3059600
"2053","Благотворительный фонд содействия развитию талантов и профессионального мастерства молодежи Владимира Спивакова в Республике Башкортостан",0,2290,0,5562014.1,980031.9
"2130","Благотворительный фонд содействия развитию социально-культурных инициатив и попечительсва """"""""Образ жизни""""""""",7278,50140,0,6888739.8,3750979
"2133","Фонд «Поддержка творческих проектов «Чир Чайаан»",0,10982,0,4996556,5660500
"2165","Благотворительный фонд помощи людям с нарушениями развития «Жизненный путь»",800,7070,9808,3022200.5,2406182.8
"2208","Благотворительный фонд «Спина бифида»",1306,0,0,6453198,1372000
"2231","Благотворительный фонд """"""""Дорога к дому""""""""",7553,75437,0,3655484.5,1643764
"2281","Фонд """"""""Культурная столица Поволжья""""""""",0,8230,0,4993759.6,1427500
"2309","Благотворительный Фонд поддержки людей с синдромом Дауна """"""""Синдром любви""""""""",1653,0,0,5661585.2,3065741.5
"2311","Некоммерческая организация """"""""Благотворительный ФОНД """"""""Даунсайд Ап""""""""",2485,0,1091,4313778,635228
"2385","Благотворительный фонд """"""""Сердолик""""""""",0,3869,17,3056130,2156250
"2386","Благотворительный фонд """"""""Сердолик""""""""",0,3869,17,3056130,2156250
"2392","Всемирный фонд природы",0,0,0,4433438,2646706
"2526","Фонд поддержки творческих инициатив """"""""Консолидация""""""""",7902,0,0,8e+06,3735000
"2532","Благотворительный фонд социальной помощи детям """"""""Расправь крылья!""""""""",5934,13549,393,4562856,705176
"2650","ФОНД ПОДДЕРЖКИ ПРИКЛАДНЫХ ЭКОЛОГИЧЕСКИХ РАЗРАБОТОК И ИССЛЕДОВАНИЙ """"""""ОЗЕРО БАЙКАЛ""""""""",0,17157,840,4658460,1864242.4
"2714","Культурный фонд Льва Лещенко",25156,1292,8162,6156023,1061004
"27171","Благотворительный фонд «Фонд поддержки слепоглухих «Со-единение»",13390,228197,776,9533875,4446821
"2739","Благотворительный фонд профилактики социального сиротства",17672,8628,0,5606837.9,3222338.3
"2756","Благотворительный фонд Елены Исинбаевой",0,16468,180,9445290,1154800
"2757","Благотворительный фонд Елены Исинбаевой",0,16468,180,9445290,1154800
"2761","Фонд социального развития и охраны здоровья """"""""ФОКУС-МЕДИА""""""""",11971,15,1036,9999377,2422749
"2762","Фонд социального развития и охраны здоровья """"""""ФОКУС-МЕДИА""""""""",11971,15,1036,3472739,987330
"2770","Благотворительный фонд «Фонд поддержки слепоглухих «Со-единение»",13390,228317,0,9533875,4446821
"2780","Благотворительный фонд профилактики социального сиротства",17671595,8628201,0,5606837.9,3222338.3
"2784","Благотворительный фонд """"""""Центр святителя Василия Великого""""""""",11633,2450,0,8761211,3896240
"2799","Некоммерческая организация """"""""Благотворительный Фонд """"""""АдВИТА""""""""",0,174323,0,3919448,392400
"2800","Некоммерческая организация """"""""Благотворительный Фонд """"""""АдВИТА""""""""",0,174323,0,8766786,397500
"2830","Благотворительный Фонд развития сообщества """"""""Гарант""""""""",0,20461,130,9996480,5542980
"2841","Благотворительный фонд святого праведного Иоанна Кронштадтского",10216,97,0,7054730,3059600
"2901","Благотворительный фонд социальной помощи и поддержки граждан """"""""Клуб добрых людей (КДЛ)""""""""",0,19739,0,3093564,848600
"2925","Благотворительный фонд """"""""Дорога к дому""""""""",7553,82990,0,3655484.5,1643764
"2933","Некоммерческая организация детский благотворительный фонд """"""""Живое дыхание""""""""",5590,1234,0,5098403.1,220750
"2934","Некоммерческая организация детский благотворительный фонд """"""""Живое дыхание""""""""",5590,569,0,5098403.1,220750
"2935","Некоммерческая организация детский благотворительный фонд """"""""Живое дыхание""""""""",5590989,1234431,0,5098403.1,220750
"3000","Автономная некоммерческая организация центр подготовки волонтеров """"""""Интеллектуальное волонтерство""""""""",999,999,999,3934586.5,1587944.5
"3010","Автономная некоммерческая организация """"""""Центр поиска пропавших людей""""""""",999,999,999,10255712.8,18581100
"3051","Автономная некоммерческая организация """"""""Агентство социальной информации""""""""",999,999,999,21335743,8815597.8
"3126","Автономная некоммерческая организация """"""""Лаборатория по робототехнике """"""""Инженеры будущего""""""""",999,999,999,3225446,366399
"3131","Автономная некоммерческая организация дополнительного профессионального образования «Институт социальных услуг и инноваций «ВЕКТОР»",999,999,999,8906372,4746292
"3169","Автономная некоммерческая организация помощи детям """"""""Звездный дождь""""""""",999,999,999,4599890.8,1343448
"3177","Автономная некоммерческая организация """"""""Центр реабилитации инвалидов детства """"""""НАШ СОЛНЕЧНЫЙ МИР""""""""",999,999,999,4629058.6,4765640
"3293","Автономная некоммерческая организация """"""""Центр первой помощи и добровольчества """"""""Вершина""""""""",999,999,999,3052103,1324450
"3366","Автономная некоммерческая организация """"""""Центр развития и поддержки музыкального творчества """"""""Академия популярной музыки Игоря Крутого""""""""",999,999,999,66097505,19932578.5
"3410","Автономная некоммерческая организация """"""""Центр социальной помощи и адаптации для людей с диагнозом ДЦП и другими ограниченными возможностями здоровья""""""""Лыжи мечты"""""""" Сергея Белоголовцева",999,999,999,16810370,4374670
"3543","Автономная некоммерческая организация """"""""Центр детской песни Солнышко""""""""",999,999,999,4702000,690500
"3596","Автономная некоммерческая организация дополнительного профессионального образования """"""""Институт этнокультурного образования""""""""",999,999,999,4544200,1955511.1
"3699","Автономная некоммерческая организация Информационный центр  радиовещения, искусства и культуры """"""""Вера, надежда, любовь""""""""",999,999,999,9034698,9194814
"3799","Автономная некоммерческая организация Центр поддержки гражданских инициатив """"""""Конвентум""""""""",6420,105,0,8206365,2160449
"3809","Автономная некоммерческая организация """"""""Научно-производственная лаборатория """"""""Сенсорные технологии для слепоглухих""""""""",0,31952,30492,5950968,2627756
"3815","Автономная некоммерческая организация """"""""Научно-производственная лаборатория """"""""Сенсорные технологии для слепоглухих""""""""",999,999,999,5950968,2627756
"4208","Автономная некоммерческая организация """"""""Детская следж-хоккейная лига""""""""",999,999,999,9304723.5,4452145.3
"4229","Автономная некоммерческая организация """"""""Центр патриотического развития """"""""Русич""""""""",999,999,999,4976260,3610512
"4235","Автономная некоммерческая организация реализации социально значимых инициатив """"""""Мегапроект""""""""",999,999,999,5893326.3,1913000
"4236","Автономная некоммерческая организация реализации социально значимых инициатив """"""""Мегапроект""""""""",999,999,999,4496926.3,2044100
"4268","Автономная некоммерческая организация """"""""Творческое объединение """"""""ПензаХобби""""""""",999,999,999,6269474.5,3270537
"4315","Автономная некоммерческая организация высшего образования """"""""Российский новый университет""""""""",999,999,999,9216346.4,2337700
"4476","Приморская автономная некоммерческая организация """"""""Информационно-методический Центр """"""""Тихоокеанский Проект""""""""",999,999,999,4467932,1653910
"4487","Автономная некоммерческая организация """"""""Центр развития и поддержки социально ориентированных некоммерческих организаций """"""""Девелопмент-групп""""""""",999,999,999,5866892,2514908
"4650","Автономная некоммерческая Организация """"""""Издательство """"""""Политическая энциклопедия""""""""",23726,12398,8712,5316316.9,1062551.7
"4731","Автономная некоммерческая организация дополнительного профессионального образования """"""""Открытое образование""""""""",999,999,999,4769815,9898405
"5053","Автономная некоммерческая организация """"""""Центр развития социально-культурных инициатив и благотворительности """"""""Благосфера""""""""",999,999,999,9422226,5986582
"5122","Автономная некоммерческая организация """"""""Электронное образование для наноиндустрии""""""""",999,999,999,6722222.5,6968728.3
"5210","Автономная некоммерческая организация «Лаборатория социальных коммуникаций «Третий сектор»",999,999,999,4974470,16657280
"5316","Автономная некоммерческая организация """"""""Лига школьного и дворового спорта""""""""",999,999,999,17756500,331345880
"5501","Автономная некоммерческая организация содействия развитию международных культурных взаимоотношений """"""""Шотландский культурный центр """"""""Каледонский Клуб""""""""",999,999,999,9023970,8662500
"5812","Некоммерческая организация """"""""Иркутский Молодёжный Фонд правозащитников """"""""Ювента""""""""",999,999,999,3979172.1,1715438.1
"5857","Некоммерческая организация """"""""Международный благотворительный фонд """"""""Кронштадтский Морской собор во имя Святителя Николая Чудотворца""""""""",999,999,999,9022770.7,4572464
"5875","фонд развития культуры и защиты интеллектуальной собственности",999,999,999,8111373.3,1889000
"5885","Благотворительный фонд """"""""Просто люди""""""""",999,999,999,3294983,581467
"5888","Фонд Конкурса юных чтецов """"""""Живая классика""""""""",999,999,999,8590040,14860850.5
"5890","Благотворительный фонд поддержки семьи, защиты детства, материнства и отцовства """"""""ОМК - Участие""""""""",999,999,999,5976373.7,2099449.3
"5927","Культурный фонд Льва Лещенко",999,999,999,6156023,1061004
"5948","Фонд поддержки социальных и культурных проектов """"""""Альма Матер""""""""",999,999,999,4995718.2,4320067.7
"5972","Фонд поддержки кино, радио, телевидения, мультимедиа и анимация Николая Расторгуева",999,999,999,9927002,4579232
"6065","Благотворительный фонд развития паллиативной помощи """"""""Детский паллиатив""""""""",999,999,999,5594506.9,3718337.5
"6101","Благотворительный фонд поддержки музыкального искусства """"""""Фонд Елены Образцовой""""""""",999,999,999,40720724.8,20213020
"6108","Благотворительный фонд «Фонд поддержки слепоглухих «Со-единение»",999,999,999,9533875,4446821
"6109","Благотворительный фонд «Фонд поддержки слепоглухих «Со-единение»",999,999,999,9533875,4446821
"6201","Благотворительный фонд """"""""Шаг вместе""""""""",999,999,999,5472081.2,1254361.4
"6223","Благотворительный фонд """"""""Дети наши""""""""",999,999,999,3540694.2,4176928.5
"6300","Фонд по борьбе с инсультом «ОРБИ»",999,999,999,6619590,2788600
"6356","Благотворительный фонд помощи недоношенным детям """"""""Право на чудо""""""""",6652,4967,358,4025420.6,1810901.2
"6397","Благотворительный фонд """"""""Дети ДЦП""""""""",999,999,999,4785545,4598863
"6403","Благотворительный фонд помощи тяжело больным детям, сиротам и инвалидам """"""""РУСФОНД""""""""",999,999,999,8507821,105495159.9
"6448","Фонд поддержки научных, образовательных и культурных инициатив """"""""Траектория""""""""",999,999,999,5105614,1003545
"6513","Фонд «Поддержка проектов в области образования»",999,999,999,3824003,2787864
"6533","Благотворительный фонд «Фонд поддержки слепоглухих «Со-единение»",999,999,999,9533875,4446821
"6592","Некоммерческая организация Благотворительный фонд наследия Менделеева",999,999,999,9821688,27284659
"6644","Благотворительный фонд содействия межцерковной христианской диаконии",999,999,999,3938616,2300864
"6646","Некоммерческий Фонд поддержки патриотических, социальных, экономических и культурных программ """"""""Патриотическое движение """"""""Гринландия""""""""",999,999,999,10510061,5515976
"6655","Фонд поддержки и развития культуры и спорта """"""""Новые лица""""""""",7245,0,2767,7245500,4291600
"6694","Благотворительный фонд """"""""ЯРКАЯ ЖИЗНЬ""""""""",999,999,999,3554722,1318538
"6767","Благотворительный фонд содействия социальной и просветительской деятельности имени Святителя Луки Войно-Ясенецкого",999,999,999,9808370,3282689
"6844","Некоммерческий благотворительный фонд """"""""Дети и Родители против рака""""""""",999,999,999,3266948,2835236
"6849","Благотворительный фонд помощи больным несовершенным остеогенезом и другой костной патологией """"""""Хрупкие люди""""""""",999,999,999,5496108,8780990
"6989","Благотворительный фонд """"""""Наследие тысячелетий""""""""",999,999,999,3333163,527900
"7035","Благотворительный фонд помощи детям-отказникам и детям-сиротам """"""""БЮРО ДОБРЫХ ДЕЛ""""""""",999,999,999,4260960.2,778036.8
"7217","Благотворительный фонд содействия реализации программ Лиги здоровья нации",999,999,999,9841600,1180000
"7380","Международный благотворительный фонд поддержки математики имени Леонарда Эйлера «ФОНД ЭЙЛЕРА»",999,999,999,8892456.6,1684163.4
"7407","Международный благотворительный фонд имени Д.С. Лихачева",999,999,999,7129180,2402000
"7425","Фонд поддержки и развития социокультурных проектов Сергея Безрукова",999,999,999,17826840,35375252
"7744","Благотворительный фонд """"""""Оберег""""""""",999,999,999,3907428,1233000
